time/total_timesteps,time/fps,time/time_elapsed,time/iterations,rollout/ep_rew_mean,rollout/ep_len_mean,train/approx_kl,train/clip_fraction,train/entropy_loss,train/n_updates,train/policy_gradient_loss,train/loss,train/std,train/value_loss,train/clip_range,train/explained_variance,train/learning_rate
512,58,8,1,11.26321461904762,23.238095238095237,,,,,,,,,,,
1024,61,16,2,10.705746675,25.45,0.0051346147,0.017578125,-4.251481437683106,5,-0.00753406744915992,23.18271255493164,0.9968199729919434,45.72776622772217,0.2,0.014446496963500977,0.0003
1536,62,24,3,10.050988016949152,25.949152542372882,0.0048575234,0.012109375,-4.248170113563537,10,-0.00677745770663023,13.388813018798828,0.9978587031364441,30.261490774154662,0.2,0.01570504903793335,0.0003
2048,63,32,4,9.709147525641027,26.205128205128204,0.006099375,0.024609375,-4.24868414402008,15,-0.005414742371067404,8.842848777770996,0.9957273006439209,23.880495262145995,0.2,0.02391374111175537,0.0003
2560,65,39,5,9.334503755319147,26.79787234042553,0.005561661,0.01484375,-4.239470148086548,20,-0.004920867457985878,8.126801490783691,0.9935005307197571,17.648256063461304,0.2,0.01720660924911499,0.0003
3072,65,47,6,9.128144070000001,27.12,0.004409644,0.019921875,-4.232683920860291,25,-0.005819101328961551,7.38904333114624,0.9911065697669983,15.163207721710204,0.2,0.06696242094039917,0.0003
3584,64,55,7,8.912731390000001,26.63,0.0031769457,0.003125,-4.226255381107331,30,-0.004942181904334575,4.406922340393066,0.9877305030822754,9.85352373123169,0.2,0.1406106948852539,0.0003
4096,64,63,8,9.125872670000001,26.73,0.0043856353,0.0125,-4.223442304134369,35,-0.004441205598413944,4.8117899894714355,0.9920150637626648,8.799202001094818,0.2,0.18006759881973267,0.0003
4608,65,70,9,9.06916584,27.18,0.005360921,0.019140625,-4.234873425960541,40,-0.0071429961360991,3.1338400840759277,0.9928541779518127,5.488983017206192,0.2,0.34473711252212524,0.0003
5120,65,78,10,9.43565268,26.26,0.0077489153,0.0375,-4.232799625396728,45,-0.005761360260657966,1.2055366039276123,0.9915451407432556,4.820391696691513,0.2,0.4852432608604431,0.0003
5632,64,87,11,9.27599814,26.13,0.0073222397,0.03125,-4.229282665252685,50,-0.007108476688154041,2.381618022918701,0.9895378947257996,5.4928188025951385,0.2,0.5841691493988037,0.0003
6144,64,95,12,9.2697556,26.14,0.007633663,0.03046875,-4.220934402942658,55,-0.004835983144585043,1.560314416885376,0.9874288439750671,3.8891419142484667,0.2,0.6835911273956299,0.0003
6656,63,104,13,9.13052383,26.16,0.010164741,0.08984375,-4.212418007850647,60,-0.01212520250119269,1.8257495164871216,0.9831154942512512,2.706761825084686,0.2,0.7343685626983643,0.0003
7168,64,111,14,9.203652479999999,25.51,0.004386753,0.01875,-4.200406801700592,65,-0.0060896291863173245,0.6454861164093018,0.9797864556312561,2.1578720241785048,0.2,0.7907693386077881,0.0003
7680,64,119,15,9.75085722,25.24,0.0064273914,0.03359375,-4.197543835639953,70,-0.006127785693388432,0.7297981381416321,0.981076180934906,1.687682569026947,0.2,0.7999034523963928,0.0003
8192,63,128,16,9.83153591,24.77,0.004242835,0.032421875,-4.198228883743286,75,-0.007922726357355714,0.34879979491233826,0.9812718033790588,0.7588590741157532,0.2,0.7666292786598206,0.0003
