time/total_timesteps,time/iterations,rollout/ep_len_mean,time/fps,rollout/ep_rew_mean,time/time_elapsed,train/std,train/n_updates,train/loss,train/entropy_loss,train/value_loss,train/explained_variance,train/policy_gradient_loss,train/learning_rate,train/clip_range,train/approx_kl,train/clip_fraction
512,1,22.772727272727273,28,9.172497045454543,17,,,,,,,,,,,
1024,2,25.55,32,9.355515875,31,0.9968936443328857,5,25.601558685302734,-4.252138292789459,52.94858160018921,-7.653236389160156e-05,-0.009795953123830258,0.0003,0.2,0.008449715,0.04375
1536,3,25.6,33,9.422974233333333,46,0.9933995604515076,10,13.565958023071289,-4.2417311668396,30.021852135658264,0.023852646350860596,-0.008467789716087281,0.0003,0.2,0.009580001,0.042578125
2048,4,25.19753086419753,33,9.616428283950617,60,0.9920279383659363,15,11.512247085571289,-4.235162436962128,24.910258650779724,0.014266788959503174,-0.004583016550168395,0.0003,0.2,0.0033864654,0.00625
2560,5,25.42,34,9.06079339,74,0.986145555973053,20,5.220065116882324,-4.225740349292755,15.854719114303588,0.02772766351699829,-0.002064721833448857,0.0003,0.2,0.0005486058,0.0
3072,6,26.26,34,9.00464257,88,0.9894294738769531,25,14.466822624206543,-4.217976534366608,19.313093543052673,0.01961725950241089,-0.007597129070200026,0.0003,0.2,0.0055238665,0.026171875
3584,7,25.41,34,9.28510473,103,0.9901280403137207,30,6.691606521606445,-4.227002406120301,9.575527429580688,0.11751532554626465,-0.00820576020050794,0.0003,0.2,0.007015182,0.023828125
4096,8,24.7,34,8.97971019,118,0.9890651702880859,35,3.9139041900634766,-4.226328027248383,9.892453134059906,0.16583174467086792,-0.0049172567669302225,0.0003,0.2,0.0050462894,0.0125
4608,9,25.91,35,9.27871662,131,0.9898146986961365,40,2.201753616333008,-4.224282050132752,8.427414751052856,0.25819748640060425,-0.007871519413311035,0.0003,0.2,0.0060760295,0.02109375
5120,10,25.19,35,9.873907590000002,145,0.988278329372406,45,0.6703214049339294,-4.224774694442749,2.1875145554542543,0.569129467010498,-0.006029325834242627,0.0003,0.2,0.0038319097,0.008203125
5632,11,25.77,35,9.49194935,160,0.98698490858078,50,2.363816738128662,-4.220066118240356,3.7400005728006365,0.4629361629486084,-0.009928927349392325,0.0003,0.2,0.008985272,0.055078125
6144,12,25.79,34,9.035857969999999,175,0.9875802993774414,55,1.0736589431762695,-4.217141175270081,4.3264686346054075,0.5983238816261292,-0.010540831414982677,0.0003,0.2,0.007906867,0.037890625
6656,13,26.13,35,9.467188909999999,189,0.9902150630950928,60,2.5333304405212402,-4.223262369632721,5.117994394898415,0.644445538520813,-0.008384866849519312,0.0003,0.2,0.009388579,0.0390625
7168,14,24.99,34,8.73825991,207,0.9891707301139832,65,0.9797090888023376,-4.226704323291779,2.0667950049042703,0.6706312894821167,-0.008613054791931063,0.0003,0.2,0.006696799,0.041015625
7680,15,25.86,34,8.748602780000002,220,0.9862573742866516,70,1.238787055015564,-4.219117152690887,2.7964570343494417,0.7596265077590942,-0.01265208339318633,0.0003,0.2,0.01195594,0.08125
8192,16,25.79,35,9.402693079999999,232,0.9817054867744446,75,0.7790268659591675,-4.208982861042022,1.6282961279153825,0.7950227856636047,-0.011614308715797961,0.0003,0.2,0.004192155,0.024609375
